jonathan.larik@gmail.com*Jonathan*Larik*H3C 4B7
ian.york@gmail.com*Ian*York*Y4H 5Z1
ryan.lavoie@gmail.com*Ryan*Lavoie*V1R 9N3
bob.flann@gmail.com*Bob*Flann*H1V 5G7
alex.jones@gmail.com*Alex*Jones*Y5A 0T8
daniel.rafail@gmail.com*Daniel*Rafail*H3W 1N9
jacques.smith@gmail.com*Jacques*Smith*P2V 4H6
lisa.taylor@gmail.com*Lisa*Taylor*T4T 4X5
lea.clark@gmail.com*Lea*Clark*K7D 6J1
stacey.garcia@gmail.com*Stacey*garcia*M4L 2S5