Taylor.J1@outlook.com*James*Taylor*H8R 3P1
Kibby-Z2@gmail.com*Zachary*Kibby*A1A 5E8
Silva_D3@hotmail.com*Douglas*Silva*L4T 1A8
Octavio.T4@dayrep.com*Tamara*Octavio*S0G 1V0
Chatman.S5@rhyta.com*Stephen*Chatman*V6B 3K9
Henderson-M6@armyspy.com*Matthew*Henderson*V3C 4S7
Allen_F7@teleworm.us*Floyd*Allen*T0C 2L2
Owen.G8@outlook.ca*Gwen*Owen*T0E 1E0
Sabatino-R9@gmail.com*Rosario*Sabatino*P7E 1J5
Potter_L10@hotmail.ca*Linda*Potter*M1L 3K7